Region,"2018 Profit","2019 Profit","2019 Profit vs 2018 Profit","2020 Profit","2020 Profit vs 2019 Profit","2021 Profit","2021 Profit vs 2020 Profit"
South,11745.815100000002,7981.678599999993,-3764.1365000000087,17712.8445,9731.165900000007,8595.350799999993,-9117.493700000006
West,19728.448999999997,20184.81629999998,456.3672999999835,23035.899099999988,2851.0828000000074,43071.98510000002,20036.086000000032
Central,584.6929999999992,11691.656600000017,11106.963600000017,19734.3279,8042.671299999984,8118.225500000007,-11616.102399999992
East,16985.469199999992,19857.611200000018,2872.1420000000253,18858.505500000017,-999.1057000000001,32725.44850000004,13866.943000000021
